Contour                                                   ,Clip                           ,SNR_Vertical ,SNR_Horizontal
pc_20170728_031259_ch05_sel02_setteac101_hawaii_ROCCA.csv ,20170728_031259_ch05_sel02.wav ,2.8094       ,3.4148
pc_20170728_031659_sel_01_Sette_AC_101_Hawaii.csv         ,20170728_031659_sel_01.wav     ,4.1203       ,4.5389
pc_20170728_031659_sel_02_Sette_AC_101_Hawaii.csv         ,20170728_031659_sel_02.wav     ,2.8068       ,3.6273
pc_20170728_031859_sel_03_Sette_AC_101_Hawaii.csv         ,20170728_031859_sel_03.wav     ,5.9368       ,7.2122
pc_20170728_031959_sel_01_Sette_AC_101_Hawaii.csv         ,20170728_031959_sel_01.wav     ,1.6129       ,8.598
pc_20170728_031959_sel_02_Sette_AC_101_Hawaii.csv         ,20170728_031959_sel_02.wav     ,2.5075       ,8.5222
pc_20170728_031959_sel_03_Sette_AC_101_Hawaii.csv         ,20170728_031959_sel_03.wav     ,9.0219       ,6.2437
pc_20170728_031959_sel_04_Sette_AC_101_Hawaii.csv         ,20170728_031959_sel_04.wav     ,5.5741       ,7.2066
pc_20170728_031959_sel_06_Sette_AC_101_Hawaii.csv         ,20170728_031959_sel_06.wav     ,4.0737       ,5.9743
pc_20170728_031959_sel_07_Sette_AC_101_Hawaii.csv         ,20170728_031959_sel_07.wav     ,12.8449      ,10.6695
pc_20170728_031959_sel_08_Sette_AC_101_Hawaii.csv         ,20170728_031959_sel_08.wav     ,4.4341       ,7.1938
pc_20170728_031959_sel_09_Sette_AC_101_Hawaii.csv         ,20170728_031959_sel_09.wav     ,1.3442       ,8.9918
pc_20170728_031959_sel_10_Sette_AC_101_Hawaii.csv         ,20170728_031959_sel_10.wav     ,2.6288       ,5.5661
pc_20170728_031959_sel_11_Sette_AC_101_Hawaii.csv         ,20170728_031959_sel_11.wav     ,2.2945       ,13.0584
pc_20170728_031959_sel_12_Sette_AC_101_Hawaii.csv         ,20170728_031959_sel_12.wav     ,6.0838       ,9.1037
pc_20170728_031959_sel_13_Sette_AC_101_Hawaii.csv         ,20170728_031959_sel_13.wav     ,3.0365       ,7.1491
pc_20170728_031959_sel_14_Sette_AC_101_Hawaii.csv         ,20170728_031959_sel_14.wav     ,5.985        ,7.7073
pc_20170728_031959_sel_15_Sette_AC_101_Hawaii.csv         ,20170728_031959_sel_15.wav     ,2.2292       ,11.3578
pc_20170728_031959_sel_16_Sette_AC_101_Hawaii.csv         ,20170728_031959_sel_16.wav     ,3.7304       ,5.1447
pc_20170728_031959_sel_17_Sette_AC_101_Hawaii.csv         ,20170728_031959_sel_17.wav     ,3.7284       ,9.2014
pc_20170728_031959_sel_18_Sette_AC_101_Hawaii.csv         ,20170728_031959_sel_18.wav     ,5.5869       ,10.1516
pc_20170728_031959_sel_19_Sette_AC_101_Hawaii.csv         ,20170728_031959_sel_19.wav     ,8.0602       ,11.4226
pc_20170728_031959_sel_20_Sette_AC_101_Hawaii.csv         ,20170728_031959_sel_20.wav     ,6.8305       ,8.9141
pc_20170728_031959_sel_21_Sette_AC_101_Hawaii.csv         ,20170728_031959_sel_21.wav     ,5.9035       ,9.8951
pc_20170728_031959_sel_23_Sette_AC_101_Hawaii.csv         ,20170728_031959_sel_23.wav     ,2.5379       ,10.4558
pc_20170728_031959_sel_26_Sette_AC_101_Hawaii.csv         ,20170728_031959_sel_26.wav     ,5.4244       ,7.6448
pc_20170728_031959_sel_28_Sette_AC_101_Hawaii.csv         ,20170728_031959_sel_28.wav     ,3.3096       ,9.7468
pc_20170728_031959_sel_29_Sette_AC_101_Hawaii.csv         ,20170728_031959_sel_29.wav     ,4.3034       ,7.4334
pc_20170728_031959_sel_31_Sette_AC_101_Hawaii.csv         ,20170728_031959_sel_31.wav     ,5.1301       ,12.3109
pc_20170728_031959_sel_32_Sette_AC_101_Hawaii.csv         ,20170728_031959_sel_32.wav     ,5.838        ,8.5499
pc_20170728_031959_sel_33_Sette_AC_101_Hawaii.csv         ,20170728_031959_sel_33.wav     ,5.5274       ,8.8841
pc_20170728_031959_sel_34_Sette_AC_101_Hawaii.csv         ,20170728_031959_sel_34.wav     ,11.8695      ,15.0413
pc_20170728_031959_sel_35_Sette_AC_101_Hawaii.csv         ,20170728_031959_sel_35.wav     ,18.5113      ,20.6283
pc_20170728_031959_sel_36_Sette_AC_101_Hawaii.csv         ,20170728_031959_sel_36.wav     ,12.6373      ,11.3111
pc_20170728_031959_sel_37_Sette_AC_101_Hawaii.csv         ,20170728_031959_sel_37.wav     ,8.2913       ,10.5515
pc_20170728_031959_sel_38_Sette_AC_101_Hawaii.csv         ,20170728_031959_sel_38.wav     ,10.0322      ,12.4275
pc_20170728_031959_sel_39_Sette_AC_101_Hawaii.csv         ,20170728_031959_sel_39.wav     ,5.0873       ,12.5592
pc_20170728_032159_ch06_sel32_setteac101_hawaii_ROCCA.csv ,20170728_032159_ch06_sel32.wav ,7.1774       ,13.6215
pc_20170728_032159_ch06_sel48_setteac101_hawaii_ROCCA.csv ,20170728_032159_ch06_sel48.wav ,11.9968      ,15.7801
pc_20170728_032159_ch06_sel50_setteac101_hawaii_ROCCA.csv ,20170728_032159_ch06_sel50.wav ,8.3468       ,13.5427
pc_20170728_032159_ch06_sel56_setteac101_hawaii_ROCCA.csv ,20170728_032159_ch06_sel56.wav ,11.2084      ,14.4455
pc_20170728_032159_ch06_sel57_setteac101_hawaii_ROCCA.csv ,20170728_032159_ch06_sel57.wav ,4.929        ,11.2287
pc_20170728_032159_ch06_sel59_setteac101_hawaii_ROCCA.csv ,20170728_032159_ch06_sel59.wav ,13.6179      ,17.4967
pc_20170728_032159_ch06_sel69_setteac101_hawaii_ROCCA.csv ,20170728_032159_ch06_sel69.wav ,7.8884       ,11.936
pc_20170728_032159_ch06_sel70_setteac101_hawaii_ROCCA.csv ,20170728_032159_ch06_sel70.wav ,9.1457       ,13.3208
pc_20170728_032159_ch06_sel73_setteac101_hawaii_ROCCA.csv ,20170728_032159_ch06_sel73.wav ,9.0356       ,13.4692
pc_20170728_032159_ch06_sel76_setteac101_hawaii_ROCCA.csv ,20170728_032159_ch06_sel76.wav ,12.5964      ,12.325
pc_20170728_032159_ch06_sel77_setteac101_hawaii_ROCCA.csv ,20170728_032159_ch06_sel77.wav ,4.3911       ,9.3427
pc_20170728_032159_ch06_sel78_setteac101_hawaii_ROCCA.csv ,20170728_032159_ch06_sel78.wav ,12.6483      ,16.3188
pc_20170728_032159_ch06_sel79_setteac101_hawaii_ROCCA.csv ,20170728_032159_ch06_sel79.wav ,17.8444      ,19.4223
pc_20170728_032259_sel_02_Sette_AC_101_Hawaii.csv         ,20170728_032259_sel_02.wav     ,2.1789       ,8.3109
pc_20170728_032259_sel_04_Sette_AC_101_Hawaii.csv         ,20170728_032259_sel_04.wav     ,7.8351       ,12.984
pc_20170728_032259_sel_07_Sette_AC_101_Hawaii.csv         ,20170728_032259_sel_07.wav     ,13.2457      ,18.0391
pc_20170728_032259_sel_08_Sette_AC_101_Hawaii.csv         ,20170728_032259_sel_08.wav     ,7.3917       ,12.1145
pc_20170728_032259_sel_11_Sette_AC_101_Hawaii.csv         ,20170728_032259_sel_11.wav     ,5.4943       ,7.8612
pc_20170728_032259_sel_13_Sette_AC_101_Hawaii.csv         ,20170728_032259_sel_13.wav     ,9.8106       ,12.8999
pc_20170728_032259_sel_16_Sette_AC_101_Hawaii.csv         ,20170728_032259_sel_16.wav     ,4.9304       ,9.3411
pc_20170728_032259_sel_18_Sette_AC_101_Hawaii.csv         ,20170728_032259_sel_18.wav     ,19.4437      ,21.8983
pc_20170728_032259_sel_19_Sette_AC_101_Hawaii.csv         ,20170728_032259_sel_19.wav     ,-1.7717      ,14.466
pc_20170728_032259_sel_20_Sette_AC_101_Hawaii.csv         ,20170728_032259_sel_20.wav     ,9.2791       ,15.9999
pc_20170728_032259_sel_21_Sette_AC_101_Hawaii.csv         ,20170728_032259_sel_21.wav     ,13.0864      ,16.4785
pc_20170728_032259_sel_22_Sette_AC_101_Hawaii.csv         ,20170728_032259_sel_22.wav     ,5.1666       ,11.2675
pc_20170728_032259_sel_23_Sette_AC_101_Hawaii.csv         ,20170728_032259_sel_23.wav     ,13.0439      ,14.0452
pc_20170728_032259_sel_25_Sette_AC_101_Hawaii.csv         ,20170728_032259_sel_25.wav     ,15.562       ,16.9761
pc_20170728_032259_sel_26_Sette_AC_101_Hawaii.csv         ,20170728_032259_sel_26.wav     ,10.6341      ,12.6205
pc_20170728_032259_sel_27_Sette_AC_101_Hawaii.csv         ,20170728_032259_sel_27.wav     ,12.1987      ,13.6266
pc_20170728_032259_sel_28_Sette_AC_101_Hawaii.csv         ,20170728_032259_sel_28.wav     ,16.3049      ,12.3358
pc_20170728_032259_sel_29_Sette_AC_101_Hawaii.csv         ,20170728_032259_sel_29.wav     ,8.8843       ,15.7939
pc_20170728_032259_sel_30_Sette_AC_101_Hawaii.csv         ,20170728_032259_sel_30.wav     ,18.913       ,12.6576
pc_20170728_032259_sel_31_Sette_AC_101_Hawaii.csv         ,20170728_032259_sel_31.wav     ,18.2259      ,19.7167
pc_20170728_032259_sel_32_Sette_AC_101_Hawaii.csv         ,20170728_032259_sel_32.wav     ,18.8463      ,23.2713
pc_20170728_032259_sel_33_Sette_AC_101_Hawaii.csv         ,20170728_032259_sel_33.wav     ,25.2264      ,17.7334
pc_20170728_032259_sel_34_Sette_AC_101_Hawaii.csv         ,20170728_032259_sel_34.wav     ,24.6769      ,27.7038
pc_20170728_032259_sel_35_Sette_AC_101_Hawaii.csv         ,20170728_032259_sel_35.wav     ,22.4319      ,20.1452
pc_20170728_032259_sel_36_Sette_AC_101_Hawaii.csv         ,20170728_032259_sel_36.wav     ,18.2306      ,12.9613
pc_20170728_032259_sel_37_Sette_AC_101_Hawaii.csv         ,20170728_032259_sel_37.wav     ,19.4974      ,24.1015
pc_20170728_032259_sel_38_Sette_AC_101_Hawaii.csv         ,20170728_032259_sel_38.wav     ,18.6514      ,21.8057
pc_20170728_032259_sel_39_Sette_AC_101_Hawaii.csv         ,20170728_032259_sel_39.wav     ,22.7015      ,15.316
pc_20170728_032259_sel_40_Sette_AC_101_Hawaii.csv         ,20170728_032259_sel_40.wav     ,25.3155      ,21.1862
pc_20170728_032259_sel_41_Sette_AC_101_Hawaii.csv         ,20170728_032259_sel_41.wav     ,21.0383      ,23.0792
pc_20170728_032359_ch3_sel_01_Sette_AC_101_Hawaii.csv     ,20170728_032359_ch3_sel_01.wav ,32.1787      ,20.4112
pc_20170728_032359_ch3_sel_02_Sette_AC_101_Hawaii.csv     ,20170728_032359_ch3_sel_02.wav ,31.9634      ,16.0803
pc_20170728_032359_ch3_sel_03_Sette_AC_101_Hawaii.csv     ,20170728_032359_ch3_sel_03.wav ,31.5064      ,24.2144
pc_20170728_032359_ch3_sel_04_Sette_AC_101_Hawaii.csv     ,20170728_032359_ch3_sel_04.wav ,35.5844      ,16.5184
pc_20170728_032359_ch3_sel_05_Sette_AC_101_Hawaii.csv     ,20170728_032359_ch3_sel_05.wav ,39.5421      ,40.3972
pc_20170728_032359_ch3_sel_09_Sette_AC_101_Hawaii.csv     ,20170728_032359_ch3_sel_09.wav ,28.0269      ,17.4902
pc_20170728_032359_ch3_sel_10_Sette_AC_101_Hawaii.csv     ,20170728_032359_ch3_sel_10.wav ,8.122        ,6.385
pc_20170728_032359_ch3_sel_12_Sette_AC_101_Hawaii.csv     ,20170728_032359_ch3_sel_12.wav ,25.5569      ,16.897
pc_20170728_032359_ch3_sel_14_Sette_AC_101_Hawaii.csv     ,20170728_032359_ch3_sel_14.wav ,25.1669      ,19.9029
pc_20170728_032359_ch3_sel_15_Sette_AC_101_Hawaii.csv     ,20170728_032359_ch3_sel_15.wav ,21.5624      ,24.8888
pc_20170728_032359_ch3_sel_16_Sette_AC_101_Hawaii.csv     ,20170728_032359_ch3_sel_16.wav ,27.2635      ,7.7168
pc_20170728_032359_ch3_sel_17_Sette_AC_101_Hawaii.csv     ,20170728_032359_ch3_sel_17.wav ,25.3792      ,20.3038
pc_20170728_032359_ch3_sel_18_Sette_AC_101_Hawaii.csv     ,20170728_032359_ch3_sel_18.wav ,11.895       ,13.5354
pc_20170728_032359_ch3_sel_19_Sette_AC_101_Hawaii.csv     ,20170728_032359_ch3_sel_19.wav ,13.4065      ,9.8154
pc_20170728_032359_ch3_sel_20_Sette_AC_101_Hawaii.csv     ,20170728_032359_ch3_sel_20.wav ,15.5183      ,14.3197
pc_20170728_032359_ch3_sel_21_Sette_AC_101_Hawaii.csv     ,20170728_032359_ch3_sel_21.wav ,20.4589      ,20.3992
pc_20170728_032659_sel_06_Sette_AC_101_Hawaii.csv         ,20170728_032659_sel_06.wav     ,3.7941       ,8.9299
pc_20170728_032659_sel_07_Sette_AC_101_Hawaii.csv         ,20170728_032659_sel_07.wav     ,3.2729       ,9.4753
pc_20170728_032659_sel_10_Sette_AC_101_Hawaii.csv         ,20170728_032659_sel_10.wav     ,3.138        ,8.4867
pc_20170728_032659_sel_11_Sette_AC_101_Hawaii.csv         ,20170728_032659_sel_11.wav     ,3.4489       ,7.6484
pc_20170728_032659_sel_23_Sette_AC_101_Hawaii.csv         ,20170728_032659_sel_23.wav     ,1.7858       ,8.3311
pc_20170728_032759_ch3_sel_15_Sette_AC_101_Hawaii.csv     ,20170728_032759_ch3_sel_15.wav ,2.8907       ,5.1462
pc_20170728_032759_ch3_sel_19_Sette_AC_101_Hawaii.csv     ,20170728_032759_ch3_sel_19.wav ,4.5878       ,9.8022
pc_20170728_032859_sel_02_Sette_AC_101_Hawaii.csv         ,20170728_032859_sel_02.wav     ,3.0995       ,2.4031
pc_20170728_032859_sel_11_Sette_AC_101_Hawaii.csv         ,20170728_032859_sel_11.wav     ,1.2272       ,6.3921
pc_20170728_032859_sel_15_Sette_AC_101_Hawaii.csv         ,20170728_032859_sel_15.wav     ,5.8452       ,12.2434
pc_20170728_032859_sel_16_Sette_AC_101_Hawaii.csv         ,20170728_032859_sel_16.wav     ,2.3485       ,6.4834
pc_20170728_032859_sel_17_Sette_AC_101_Hawaii.csv         ,20170728_032859_sel_17.wav     ,6.7827       ,7.7205
pc_20170728_032859_sel_18_Sette_AC_101_Hawaii.csv         ,20170728_032859_sel_18.wav     ,5.9671       ,6.8977
pc_20170728_032859_sel_20_Sette_AC_101_Hawaii.csv         ,20170728_032859_sel_20.wav     ,1.123        ,6.013
pc_20170728_032859_sel_44_Sette_AC_101_Hawaii.csv         ,20170728_032859_sel_44.wav     ,7.5227       ,11.1714
pc_20170728_033059_ch3_sel_01_setteac101_hawaii.csv       ,20170728_033059_ch3_sel_01.wav ,-0.61506     ,4.4029
pc_20170728_033159_ch4_sel_05_Sette_AC_101_Hawaii.csv     ,20170728_033159_ch4_sel_05.wav ,3.9441       ,8.2875
pc_20170728_033759_ch3_sel_09_Sette_AC_101_Hawaii.csv     ,20170728_033759_ch3_sel_09.wav ,1.9593       ,10.2104
pc_20170728_033759_ch3_sel_12_Sette_AC_101_Hawaii.csv     ,20170728_033759_ch3_sel_12.wav ,3.396        ,9.9449
pc_20170728_034059_ch3_sel_01_Sette_AC_101_Hawaii.csv     ,20170728_034059_ch3_sel_01.wav ,15.5315      ,27.3586
pc_20170728_034059_ch3_sel_02_Sette_AC_101_Hawaii.csv     ,20170728_034059_ch3_sel_02.wav ,9.7231       ,14.4266
pc_20170728_034059_ch3_sel_03_Sette_AC_101_Hawaii.csv     ,20170728_034059_ch3_sel_03.wav ,13.6556      ,14.2207
pc_20170728_034059_ch3_sel_04_Sette_AC_101_Hawaii.csv     ,20170728_034059_ch3_sel_04.wav ,21.925       ,16.2285
pc_20170728_034059_ch3_sel_05_Sette_AC_101_Hawaii.csv     ,20170728_034059_ch3_sel_05.wav ,23.8367      ,21.0471
pc_20170728_034059_ch3_sel_06_Sette_AC_101_Hawaii.csv     ,20170728_034059_ch3_sel_06.wav ,22.695       ,21.8955
pc_20170728_034059_ch3_sel_07_Sette_AC_101_Hawaii.csv     ,20170728_034059_ch3_sel_07.wav ,25.0179      ,14.6247
pc_20170728_034059_ch3_sel_08_Sette_AC_101_Hawaii.csv     ,20170728_034059_ch3_sel_08.wav ,23.7995      ,31.591
pc_20170728_034059_ch3_sel_09_Sette_AC_101_Hawaii.csv     ,20170728_034059_ch3_sel_09.wav ,30.053       ,19.5425
pc_20170728_034059_ch3_sel_10_Sette_AC_101_Hawaii.csv     ,20170728_034059_ch3_sel_10.wav ,16.5951      ,14.9109
pc_20170728_034059_ch3_sel_11_Sette_AC_101_Hawaii.csv     ,20170728_034059_ch3_sel_11.wav ,16.3888      ,14.9521
pc_20170728_034059_ch3_sel_12_Sette_AC_101_Hawaii.csv     ,20170728_034059_ch3_sel_12.wav ,20.5607      ,7.9927
pc_20170728_034059_ch3_sel_13_Sette_AC_101_Hawaii.csv     ,20170728_034059_ch3_sel_13.wav ,16.9911      ,9.1936
pc_20170728_034059_ch3_sel_14_Sette_AC_101_Hawaii.csv     ,20170728_034059_ch3_sel_14.wav ,25.024       ,9.3443
pc_20170728_034059_ch3_sel_16_Sette_AC_101_Hawaii.csv     ,20170728_034059_ch3_sel_16.wav ,31.6428      ,21.3025
pc_20170728_034059_ch3_sel_17_Sette_AC_101_Hawaii.csv     ,20170728_034059_ch3_sel_17.wav ,13.7726      ,12.4709
pc_20170728_034059_ch3_sel_18_Sette_AC_101_Hawaii.csv     ,20170728_034059_ch3_sel_18.wav ,20.8788      ,11.6321
pc_20170728_034059_ch3_sel_19_Sette_AC_101_Hawaii.csv     ,20170728_034059_ch3_sel_19.wav ,25.7675      ,18.7026
pc_20170728_034059_ch3_sel_20_Sette_AC_101_Hawaii.csv     ,20170728_034059_ch3_sel_20.wav ,14.1107      ,2.6559
pc_20170728_034059_ch3_sel_21_Sette_AC_101_Hawaii.csv     ,20170728_034059_ch3_sel_21.wav ,10.9051      ,12.7995
pc_20170728_034059_ch3_sel_22_Sette_AC_101_Hawaii.csv     ,20170728_034059_ch3_sel_22.wav ,13.0987      ,13.6191
pc_20170728_034059_ch3_sel_23_Sette_AC_101_Hawaii.csv     ,20170728_034059_ch3_sel_23.wav ,17.3046      ,13.6175
pc_20170728_034059_ch3_sel_24_Sette_AC_101_Hawaii.csv     ,20170728_034059_ch3_sel_24.wav ,2.3482       ,10.048
pc_20170728_034059_ch3_sel_25_Sette_AC_101_Hawaii.csv     ,20170728_034059_ch3_sel_25.wav ,16.7239      ,19.9713
pc_20170728_034059_ch3_sel_27_Sette_AC_101_Hawaii.csv     ,20170728_034059_ch3_sel_27.wav ,6.8919       ,7.0849
pc_20170728_034059_ch3_sel_29_Sette_AC_101_Hawaii.csv     ,20170728_034059_ch3_sel_29.wav ,8.2019       ,13.7022
pc_20170728_034359_ch04_sel05_setteac101_hawaii_ROCCA.csv ,20170728_034359_ch04_sel05.wav ,10.9558      ,13.1806
pc_20170728_034359_ch04_sel07_setteac101_hawaii_ROCCA.csv ,20170728_034359_ch04_sel07.wav ,10.5999      ,13.0326
pc_20170728_034359_ch04_sel12_setteac101_hawaii_ROCCA.csv ,20170728_034359_ch04_sel12.wav ,4.8746       ,7.8233
pc_20170728_034359_ch04_sel13_setteac101_hawaii_ROCCA.csv ,20170728_034359_ch04_sel13.wav ,14.2893      ,16.9858
pc_20170728_034359_ch04_sel28_setteac101_hawaii_ROCCA.csv ,20170728_034359_ch04_sel28.wav ,8.8877       ,11.8253
pc_20170728_034359_ch04_sel43_setteac101_hawaii_ROCCA.csv ,20170728_034359_ch04_sel43.wav ,14.5321      ,15.8934
pc_20170728_034359_ch04_sel44_setteac101_hawaii_ROCCA.csv ,20170728_034359_ch04_sel44.wav ,11.8729      ,16.386
pc_20170728_034459_ch06_sel01_setteac101_hawaii_ROCCA.csv ,20170728_034459_ch06_sel01.wav ,1.9216       ,4.848
pc_20170728_034459_ch06_sel02_setteac101_hawaii_ROCCA.csv ,20170728_034459_ch06_sel02.wav ,4.0319       ,5.6315
pc_20170728_034459_ch06_sel03_setteac101_hawaii_ROCCA.csv ,20170728_034459_ch06_sel03.wav ,4.882        ,6.241
pc_20170728_034459_ch06_sel04_setteac101_hawaii_ROCCA.csv ,20170728_034459_ch06_sel04.wav ,2.371        ,4.6987
pc_20170728_034459_ch06_sel05_setteac101_hawaii_ROCCA.csv ,20170728_034459_ch06_sel05.wav ,6.2774       ,8.2166
pc_20170728_034459_ch06_sel06_setteac101_hawaii_ROCCA.csv ,20170728_034459_ch06_sel06.wav ,6.1522       ,7.6634
pc_20170728_034459_ch06_sel10_setteac101_hawaii_ROCCA.csv ,20170728_034459_ch06_sel10.wav ,12.5341      ,15.0024
pc_20170728_034459_ch06_sel28_setteac101_hawaii_ROCCA.csv ,20170728_034459_ch06_sel28.wav ,5.1108       ,7.5415
pc_20170728_034459_ch06_sel30_setteac101_hawaii_ROCCA.csv ,20170728_034459_ch06_sel30.wav ,8.4179       ,10.8098
pc_20170728_034759_ch3_sel_04_Sette_AC_101_Hawaii.csv     ,20170728_034759_ch3_sel_04.wav ,5.1148       ,12.4679
pc_20170728_034759_ch3_sel_10_Sette_AC_101_Hawaii.csv     ,20170728_034759_ch3_sel_10.wav ,1.3093       ,8.2814
pc_20170728_034759_ch3_sel_11_Sette_AC_101_Hawaii.csv     ,20170728_034759_ch3_sel_11.wav ,5.5284       ,8.0252
pc_20170728_034759_ch3_sel_12_Sette_AC_101_Hawaii.csv     ,20170728_034759_ch3_sel_12.wav ,10.7039      ,11.3153
pc_20170728_034759_ch3_sel_14_Sette_AC_101_Hawaii.csv     ,20170728_034759_ch3_sel_14.wav ,6.8289       ,9.6133
pc_20170728_034759_ch3_sel_15_Sette_AC_101_Hawaii.csv     ,20170728_034759_ch3_sel_15.wav ,1.5091       ,7.7751
pc_20170728_034759_ch3_sel_16_Sette_AC_101_Hawaii.csv     ,20170728_034759_ch3_sel_16.wav ,1.1663       ,10.8975
pc_20170728_034759_ch3_sel_17_Sette_AC_101_Hawaii.csv     ,20170728_034759_ch3_sel_17.wav ,1.671        ,12.2584
pc_20170728_034759_ch3_sel_18_Sette_AC_101_Hawaii.csv     ,20170728_034759_ch3_sel_18.wav ,4.9485       ,12.1297
pc_20170728_034759_ch3_sel_19_Sette_AC_101_Hawaii.csv     ,20170728_034759_ch3_sel_19.wav ,20.1904      ,15.5799
pc_20170728_034759_ch3_sel_23_Sette_AC_101_Hawaii.csv     ,20170728_034759_ch3_sel_23.wav ,4.6947       ,12.7813
pc_20170728_034759_ch3_sel_24_Sette_AC_101_Hawaii.csv     ,20170728_034759_ch3_sel_24.wav ,18.7555      ,17.4113
pc_20170728_034759_ch3_sel_25_Sette_AC_101_Hawaii.csv     ,20170728_034759_ch3_sel_25.wav ,15.5889      ,23.2206
pc_20170728_034759_ch3_sel_27_Sette_AC_101_Hawaii.csv     ,20170728_034759_ch3_sel_27.wav ,18.7467      ,16.5705
pc_20170728_034759_ch3_sel_28_Sette_AC_101_Hawaii.csv     ,20170728_034759_ch3_sel_28.wav ,18.7415      ,16.1957
pc_20170728_034759_ch3_sel_29_Sette_AC_101_Hawaii.csv     ,20170728_034759_ch3_sel_29.wav ,13.3013      ,19.8804
pc_20170728_034759_ch3_sel_38_Sette_AC_101_Hawaii.csv     ,20170728_034759_ch3_sel_38.wav ,14.8493      ,16.1612
pc_20170728_034759_ch3_sel_39_Sette_AC_101_Hawaii.csv     ,20170728_034759_ch3_sel_39.wav ,13.2276      ,14.9605
pc_20170728_034759_ch3_sel_43_Sette_AC_101_Hawaii.csv     ,20170728_034759_ch3_sel_43.wav ,13.3256      ,10.0817
pc_20170728_034759_ch3_sel_62_Sette_AC_101_Hawaii.csv     ,20170728_034759_ch3_sel_62.wav ,6.0259       ,4.8891
pc_20170728_034759_ch3_sel_65_Sette_AC_101_Hawaii.csv     ,20170728_034759_ch3_sel_65.wav ,7.6255       ,5.0601
pc_20170728_034759_ch3_sel_66_Sette_AC_101_Hawaii.csv     ,20170728_034759_ch3_sel_66.wav ,5.982        ,3.2656
pc_20170728_034759_ch3_sel_69_Sette_AC_101_Hawaii.csv     ,20170728_034759_ch3_sel_69.wav ,15.6199      ,8.8047
pc_20170728_034759_ch3_sel_74_Sette_AC_101_Hawaii.csv     ,20170728_034759_ch3_sel_74.wav ,7.5086       ,6.3342
pc_20170728_034759_ch3_sel_76_Sette_AC_101_Hawaii.csv     ,20170728_034759_ch3_sel_76.wav ,5.4979       ,5.6424
pc_20170728_034759_ch3_sel_86_Sette_AC_101_Hawaii.csv     ,20170728_034759_ch3_sel_86.wav ,5.7119       ,8.983
pc_20170728_034759_ch3_sel_88_Sette_AC_101_Hawaii.csv     ,20170728_034759_ch3_sel_88.wav ,9.9519       ,9.4247
pc_20170728_034759_ch3_sel_90_Sette_AC_101_Hawaii.csv     ,20170728_034759_ch3_sel_90.wav ,18.0166      ,13.1575
pc_20170728_034759_ch3_sel_91_Sette_AC_101_Hawaii.csv     ,20170728_034759_ch3_sel_91.wav ,4.6221       ,9.8183
pc_20170728_034759_ch3_sel_92_Sette_AC_101_Hawaii.csv     ,20170728_034759_ch3_sel_92.wav ,3.6367       ,5.8871
pc_20170728_034959_ch3_sel_01_Sette_AC_101_Hawaii.csv     ,20170728_034959_ch3_sel_01.wav ,5.9256       ,10.7361
pc_20170728_034959_ch3_sel_02_Sette_AC_101_Hawaii.csv     ,20170728_034959_ch3_sel_02.wav ,13.4739      ,14.7113
pc_20170728_034959_ch3_sel_06_Sette_AC_101_Hawaii.csv     ,20170728_034959_ch3_sel_06.wav ,22.361       ,10.4365
pc_20170728_034959_ch3_sel_07_Sette_AC_101_Hawaii.csv     ,20170728_034959_ch3_sel_07.wav ,6.0208       ,14.5309
pc_20170728_034959_ch3_sel_08_Sette_AC_101_Hawaii.csv     ,20170728_034959_ch3_sel_08.wav ,1.3768       ,1.8736
pc_20170728_034959_ch3_sel_09_Sette_AC_101_Hawaii.csv     ,20170728_034959_ch3_sel_09.wav ,18.3933      ,15.1444
pc_20170728_034959_ch3_sel_10_Sette_AC_101_Hawaii.csv     ,20170728_034959_ch3_sel_10.wav ,18.7968      ,13.2205
pc_20170728_034959_ch3_sel_11_Sette_AC_101_Hawaii.csv     ,20170728_034959_ch3_sel_11.wav ,17.2188      ,18.2509
pc_20170728_034959_ch3_sel_12_Sette_AC_101_Hawaii.csv     ,20170728_034959_ch3_sel_12.wav ,28.0523      ,20.3596
pc_20170728_034959_ch3_sel_13_Sette_AC_101_Hawaii.csv     ,20170728_034959_ch3_sel_13.wav ,17.042       ,12.9069
pc_20170728_034959_ch3_sel_16_Sette_AC_101_Hawaii.csv     ,20170728_034959_ch3_sel_16.wav ,-4.6866      ,13.45
pc_20170728_034959_ch3_sel_19_Sette_AC_101_Hawaii.csv     ,20170728_034959_ch3_sel_19.wav ,14.1968      ,18.5768
pc_20170728_034959_ch3_sel_20_Sette_AC_101_Hawaii.csv     ,20170728_034959_ch3_sel_20.wav ,13.181       ,22.2293
pc_20170728_034959_ch3_sel_22_Sette_AC_101_Hawaii.csv     ,20170728_034959_ch3_sel_22.wav ,18.3419      ,21.4387
pc_20170728_034959_ch3_sel_24_Sette_AC_101_Hawaii.csv     ,20170728_034959_ch3_sel_24.wav ,11.663       ,6.5414
pc_20170728_034959_ch3_sel_25_Sette_AC_101_Hawaii.csv     ,20170728_034959_ch3_sel_25.wav ,12.4202      ,13.8006
pc_20170728_034959_ch3_sel_27_Sette_AC_101_Hawaii.csv     ,20170728_034959_ch3_sel_27.wav ,5.7037       ,8.7161
pc_20170728_034959_ch3_sel_29_Sette_AC_101_Hawaii.csv     ,20170728_034959_ch3_sel_29.wav ,10.2699      ,-0.90565
pc_20170728_034959_ch3_sel_32_Sette_AC_101_Hawaii.csv     ,20170728_034959_ch3_sel_32.wav ,52.0469      ,30.7334
pc_20170728_034959_ch3_sel_33_Sette_AC_101_Hawaii.csv     ,20170728_034959_ch3_sel_33.wav ,6.3983       ,3.7382
pc_20170728_034959_ch3_sel_34_Sette_AC_101_Hawaii.csv     ,20170728_034959_ch3_sel_34.wav ,34.4766      ,12.2387
pc_20170728_034959_ch3_sel_35_Sette_AC_101_Hawaii.csv     ,20170728_034959_ch3_sel_35.wav ,30.5299      ,20.5089
pc_20170728_034959_ch3_sel_36_Sette_AC_101_Hawaii.csv     ,20170728_034959_ch3_sel_36.wav ,25.6076      ,5.1569
pc_20170728_034959_ch3_sel_37_Sette_AC_101_Hawaii.csv     ,20170728_034959_ch3_sel_37.wav ,43.037       ,21.2783
pc_20170728_034959_ch3_sel_39_Sette_AC_101_Hawaii.csv     ,20170728_034959_ch3_sel_39.wav ,16.5673      ,11.1578
pc_20170728_034959_ch3_sel_40_Sette_AC_101_Hawaii.csv     ,20170728_034959_ch3_sel_40.wav ,17.6645      ,5.9561
pc_20170728_034959_ch3_sel_41_Sette_AC_101_Hawaii.csv     ,20170728_034959_ch3_sel_41.wav ,40.5451      ,29.5477
pc_20170728_034959_ch3_sel_42_Sette_AC_101_Hawaii.csv     ,20170728_034959_ch3_sel_42.wav ,15.4253      ,2.5298
pc_20170728_034959_ch3_sel_43_Sette_AC_101_Hawaii.csv     ,20170728_034959_ch3_sel_43.wav ,19.006       ,13.7932
pc_20170728_034959_ch3_sel_44_Sette_AC_101_Hawaii.csv     ,20170728_034959_ch3_sel_44.wav ,8.7172       ,5.5352
pc_20170728_034959_ch3_sel_46_Sette_AC_101_Hawaii.csv     ,20170728_034959_ch3_sel_46.wav ,13.1857      ,16.416
pc_20170728_034959_ch3_sel_47_Sette_AC_101_Hawaii.csv     ,20170728_034959_ch3_sel_47.wav ,13.3761      ,19.2991
pc_20170728_034959_ch3_sel_50_Sette_AC_101_Hawaii.csv     ,20170728_034959_ch3_sel_50.wav ,25.2238      ,19.6904
pc_20170728_034959_ch3_sel_51_Sette_AC_101_Hawaii.csv     ,20170728_034959_ch3_sel_51.wav ,8.6651       ,7.5818
pc_20170728_034959_ch3_sel_52_Sette_AC_101_Hawaii.csv     ,20170728_034959_ch3_sel_52.wav ,13.4572      ,2.9102
pc_20170728_034959_ch3_sel_53_Sette_AC_101_Hawaii.csv     ,20170728_034959_ch3_sel_53.wav ,11.7935      ,8.3491
pc_20170728_034959_ch3_sel_56_Sette_AC_101_Hawaii.csv     ,20170728_034959_ch3_sel_56.wav ,16.836       ,13.1811
pc_20170728_034959_ch3_sel_57_Sette_AC_101_Hawaii.csv     ,20170728_034959_ch3_sel_57.wav ,29.6203      ,24.8155
pc_20170728_034959_ch3_sel_58_Sette_AC_101_Hawaii.csv     ,20170728_034959_ch3_sel_58.wav ,15.9277      ,5.5351
pc_20170728_034959_ch3_sel_59_Sette_AC_101_Hawaii.csv     ,20170728_034959_ch3_sel_59.wav ,26.7229      ,18.4622
pc_20170728_034959_ch3_sel_60_Sette_AC_101_Hawaii.csv     ,20170728_034959_ch3_sel_60.wav ,7.9233       ,-1.6895
pc_20170728_034959_ch3_sel_62_Sette_AC_101_Hawaii.csv     ,20170728_034959_ch3_sel_62.wav ,15.1808      ,-0.36469
pc_20170728_034959_ch3_sel_63_Sette_AC_101_Hawaii.csv     ,20170728_034959_ch3_sel_63.wav ,28.4726      ,26.5962
pc_20170728_034959_ch3_sel_65_Sette_AC_101_Hawaii.csv     ,20170728_034959_ch3_sel_65.wav ,21.7401      ,7.9645
pc_20170728_034959_ch3_sel_67_Sette_AC_101_Hawaii.csv     ,20170728_034959_ch3_sel_67.wav ,13.589       ,-0.578
pc_20170728_034959_ch3_sel_68_Sette_AC_101_Hawaii.csv     ,20170728_034959_ch3_sel_68.wav ,18.0399      ,1.8992
pc_20170728_034959_ch3_sel_69_Sette_AC_101_Hawaii.csv     ,20170728_034959_ch3_sel_69.wav ,18.9569      ,8.6606
pc_20170728_034959_ch3_sel_70_Sette_AC_101_Hawaii.csv     ,20170728_034959_ch3_sel_70.wav ,24.4399      ,16.7968
pc_20170728_034959_ch3_sel_72_Sette_AC_101_Hawaii.csv     ,20170728_034959_ch3_sel_72.wav ,10.1876      ,-0.65624
pc_20170728_034959_ch3_sel_73_Sette_AC_101_Hawaii.csv     ,20170728_034959_ch3_sel_73.wav ,22.0486      ,13.4675
pc_20170728_034959_ch3_sel_74_Sette_AC_101_Hawaii.csv     ,20170728_034959_ch3_sel_74.wav ,20.0121      ,15.0618
pc_20170728_034959_ch3_sel_75_Sette_AC_101_Hawaii.csv     ,20170728_034959_ch3_sel_75.wav ,9.7179       ,-2.1032
pc_20170728_034959_ch3_sel_76_Sette_AC_101_Hawaii.csv     ,20170728_034959_ch3_sel_76.wav ,29.3609      ,18.3324
pc_20170728_034959_ch3_sel_78_Sette_AC_101_Hawaii.csv     ,20170728_034959_ch3_sel_78.wav ,14.8313      ,8.1139
pc_20170728_034959_ch3_sel_79_Sette_AC_101_Hawaii.csv     ,20170728_034959_ch3_sel_79.wav ,22.2046      ,23.632
pc_20170728_034959_ch3_sel_81_Sette_AC_101_Hawaii.csv     ,20170728_034959_ch3_sel_81.wav ,4.0663       ,1.7825
pc_20170728_034959_ch3_sel_82_Sette_AC_101_Hawaii.csv     ,20170728_034959_ch3_sel_82.wav ,23.7819      ,12.2335
pc_20170728_035059_ch2_sel_05_Sette_AC_101_Hawaii.csv     ,20170728_035059_ch2_sel_05.wav ,8.8615       ,5.2145
pc_20170728_035059_ch2_sel_07_Sette_AC_101_Hawaii.csv     ,20170728_035059_ch2_sel_07.wav ,18.0293      ,10.1412
pc_20170728_035059_ch2_sel_08_Sette_AC_101_Hawaii.csv     ,20170728_035059_ch2_sel_08.wav ,32.4779      ,19.8758
pc_20170728_035059_ch2_sel_10_Sette_AC_101_Hawaii.csv     ,20170728_035059_ch2_sel_10.wav ,12.6043      ,12.221
pc_20170728_035059_ch2_sel_13_Sette_AC_101_Hawaii.csv     ,20170728_035059_ch2_sel_13.wav ,16.0884      ,4.24
pc_20170728_035059_ch2_sel_16_Sette_AC_101_Hawaii.csv     ,20170728_035059_ch2_sel_16.wav ,10.6748      ,10.3822
pc_20170728_035059_ch2_sel_17_Sette_AC_101_Hawaii.csv     ,20170728_035059_ch2_sel_17.wav ,14.6422      ,17.4404
pc_20170728_035059_ch2_sel_22_Sette_AC_101_Hawaii.csv     ,20170728_035059_ch2_sel_22.wav ,8.3859       ,9.0033
pc_20170728_035059_ch2_sel_24_Sette_AC_101_Hawaii.csv     ,20170728_035059_ch2_sel_24.wav ,15.6689      ,15.5709
pc_20170728_035059_ch2_sel_25_Sette_AC_101_Hawaii.csv     ,20170728_035059_ch2_sel_25.wav ,11.3147      ,11.3981
pc_20170728_035059_ch2_sel_26_Sette_AC_101_Hawaii.csv     ,20170728_035059_ch2_sel_26.wav ,18.4265      ,7.5369
pc_20170728_035059_ch2_sel_27_Sette_AC_101_Hawaii.csv     ,20170728_035059_ch2_sel_27.wav ,23.759       ,17.7029
pc_20170728_035059_ch2_sel_29_Sette_AC_101_Hawaii.csv     ,20170728_035059_ch2_sel_29.wav ,18.8178      ,9.5722
pc_20170728_035059_ch2_sel_32_Sette_AC_101_Hawaii.csv     ,20170728_035059_ch2_sel_32.wav ,20.7774      ,8.5838
pc_20170728_035059_ch2_sel_33_Sette_AC_101_Hawaii.csv     ,20170728_035059_ch2_sel_33.wav ,16.0445      ,18.2723
pc_20170728_035059_ch2_sel_35_Sette_AC_101_Hawaii.csv     ,20170728_035059_ch2_sel_35.wav ,20.0029      ,13.0886
pc_20170728_035059_ch2_sel_37_Sette_AC_101_Hawaii.csv     ,20170728_035059_ch2_sel_37.wav ,16.6061      ,13.8592
pc_20170728_035059_ch2_sel_38_Sette_AC_101_Hawaii.csv     ,20170728_035059_ch2_sel_38.wav ,18.8638      ,15.9767
pc_20170728_035059_ch2_sel_40_Sette_AC_101_Hawaii.csv     ,20170728_035059_ch2_sel_40.wav ,5.4443       ,-2.3583
pc_20170728_035059_ch2_sel_42_Sette_AC_101_Hawaii.csv     ,20170728_035059_ch2_sel_42.wav ,15.2457      ,6.1366
pc_20170728_035059_ch2_sel_44_Sette_AC_101_Hawaii.csv     ,20170728_035059_ch2_sel_44.wav ,11.5428      ,10.6798
pc_20170728_035059_ch2_sel_46_Sette_AC_101_Hawaii.csv     ,20170728_035059_ch2_sel_46.wav ,17.168       ,14.1119
pc_20170728_035159_ch3_sel_02_Sette_AC_101_Hawaii.csv     ,20170728_035159_ch3_sel_02.wav ,5.7186       ,4.8716
pc_20170728_035159_ch3_sel_03_Sette_AC_101_Hawaii.csv     ,20170728_035159_ch3_sel_03.wav ,14.4368      ,16.5867
pc_20170728_035159_ch3_sel_05_Sette_AC_101_Hawaii.csv     ,20170728_035159_ch3_sel_05.wav ,7.3289       ,12.2211
pc_20170728_035159_ch3_sel_07_Sette_AC_101_Hawaii.csv     ,20170728_035159_ch3_sel_07.wav ,8.428        ,16.703
pc_20170728_035159_ch3_sel_08_Sette_AC_101_Hawaii.csv     ,20170728_035159_ch3_sel_08.wav ,14.2539      ,13.3151
pc_20170728_035159_ch3_sel_09_Sette_AC_101_Hawaii.csv     ,20170728_035159_ch3_sel_09.wav ,11.6226      ,10.2559
pc_20170728_035159_ch3_sel_12_Sette_AC_101_Hawaii.csv     ,20170728_035159_ch3_sel_12.wav ,7.7251       ,9.4264
pc_20170728_035159_ch3_sel_18_Sette_AC_101_Hawaii.csv     ,20170728_035159_ch3_sel_18.wav ,12.9718      ,7.6746
pc_20170728_035159_ch3_sel_19_Sette_AC_101_Hawaii.csv     ,20170728_035159_ch3_sel_19.wav ,8.5502       ,7.77
pc_20170728_035159_ch3_sel_23_Sette_AC_101_Hawaii.csv     ,20170728_035159_ch3_sel_23.wav ,10.7352      ,6.945
